constructorId,name,nationality,url
adams,Adams,American,https://en.wikipedia.org/wiki/Adams_(constructor)
afm,AFM,German,https://en.wikipedia.org/wiki/Alex_von_Falkenhausen_Motorenbau
ags,AGS,French,https://en.wikipedia.org/wiki/Automobiles_Gonfaronnaises_Sportives
alfa,Alfa Romeo,Swiss,https://en.wikipedia.org/wiki/Alfa_Romeo_in_Formula_One
alphatauri,AlphaTauri,Italian,https://en.wikipedia.org/wiki/Scuderia_AlphaTauri
alpine,Alpine F1 Team,French,https://en.wikipedia.org/wiki/Alpine_F1_Team
alta,Alta,British,https://en.wikipedia.org/wiki/Alta_Car_and_Engineering_Company
amon,Amon,New Zealander,https://en.wikipedia.org/wiki/Chris_Amon_Racing
apollon,Apollon,Swiss,https://en.wikipedia.org/wiki/Apollon_(Formula_One)
arrows,Arrows,British,https://en.wikipedia.org/wiki/Arrows_Grand_Prix_International
arzani-volpini,Arzani-Volpini,Italian,https://en.wikipedia.org/wiki/Arzani-Volpini
aston_martin,Aston Martin,British,https://en.wikipedia.org/wiki/Aston_Martin_in_Formula_One
ats,ATS,Italian,https://en.wikipedia.org/wiki/ATS_Wheels
audi,Audi,German,https://en.wikipedia.org/wiki/Audi_in_Formula_One
bar,BAR,British,https://en.wikipedia.org/wiki/British_American_Racing
behra-porsche,Behra-Porsche,Italian,https://en.wikipedia.org/wiki/Behra-Porsche
bellasi,Bellasi,Swiss,https://en.wikipedia.org/wiki/Bellasi
benetton,Benetton,Italian,https://en.wikipedia.org/wiki/Benetton_Formula
bmw,BMW,German,https://en.wikipedia.org/wiki/BMW
bmw_sauber,BMW Sauber,German,https://en.wikipedia.org/wiki/BMW_in_Formula_One
boro,Boro,Dutch,https://en.wikipedia.org/wiki/Boro_(Formula_One)
brabham,Brabham,British,https://en.wikipedia.org/wiki/Brabham
brabham-alfa_romeo,Brabham-Alfa Romeo,British,https://en.wikipedia.org/wiki/Brabham
brabham-brm,Brabham-BRM,British,https://en.wikipedia.org/wiki/Brabham
brabham-climax,Brabham-Climax,British,https://en.wikipedia.org/wiki/Brabham
brabham-ford,Brabham-Ford,British,https://en.wikipedia.org/wiki/Brabham
brabham-repco,Brabham-Repco,British,https://en.wikipedia.org/wiki/Brabham
brawn,Brawn,British,https://en.wikipedia.org/wiki/Brawn_GP
brm,BRM,British,https://en.wikipedia.org/wiki/British_Racing_Motors
brm-ford,BRM-Ford,British,https://en.wikipedia.org/wiki/British_Racing_Motors
bromme,Bromme,American,https://en.wikipedia.org/wiki/Bromme
brp,BRP,British,https://en.wikipedia.org/wiki/British_Racing_Partnership
bugatti,Bugatti,French,https://en.wikipedia.org/wiki/Bugatti
butterworth,Aston Butterworth,British,https://en.wikipedia.org/wiki/Aston_Butterworth
cadillac,Cadillac F1 Team,American,https://en.wikipedia.org/wiki/Cadillac_in_Formula_One
caterham,Caterham,Malaysian,https://en.wikipedia.org/wiki/Caterham_F1
cisitalia,Cisitalia,Italian,https://en.wikipedia.org/wiki/Cisitalia
coloni,Coloni,Italian,https://en.wikipedia.org/wiki/Scuderia_Coloni
connaught,Connaught,British,https://en.wikipedia.org/wiki/Connaught_Engineering
connew,Connew,British,https://en.wikipedia.org/wiki/Connew
cooper,Cooper,British,https://en.wikipedia.org/wiki/Cooper_Car_Company
cooper-alfa_romeo,Cooper-Alfa Romeo,British,https://en.wikipedia.org/wiki/Cooper_Car_Company
cooper-ats,Cooper-ATS,British,https://en.wikipedia.org/wiki/Cooper_Car_Company
cooper-borgward,Cooper-Borgward,British,https://en.wikipedia.org/wiki/Cooper_Car_Company
cooper-brm,Cooper-BRM,British,https://en.wikipedia.org/wiki/Cooper_Car_Company
cooper-castellotti,Cooper-Castellotti,British,https://en.wikipedia.org/wiki/Cooper_Car_Company
cooper-climax,Cooper-Climax,British,https://en.wikipedia.org/wiki/Cooper_Car_Company
cooper-ferrari,Cooper-Ferrari,British,https://en.wikipedia.org/wiki/Cooper_Car_Company
cooper-ford,Cooper-Ford,British,https://en.wikipedia.org/wiki/Cooper_Car_Company
cooper-maserati,Cooper-Maserati,British,https://en.wikipedia.org/wiki/Cooper_Car_Company
cooper-osca,Cooper-OSCA,British,https://en.wikipedia.org/wiki/Cooper_Car_Company
dallara,Dallara,Italian,https://en.wikipedia.org/wiki/Dallara
de_tomaso-alfa_romeo,De Tomaso-Alfa Romeo,Italian,https://en.wikipedia.org/wiki/De_Tomaso
de_tomaso-ferrari,De Tomaso-Ferrari,Italian,https://en.wikipedia.org/wiki/De_Tomaso
de_tomaso-osca,De Tomaso-Osca,Italian,https://en.wikipedia.org/wiki/De_Tomaso
deidt,Deidt,American,https://en.wikipedia.org/wiki/Emil_Diedt
del_roy,Del Roy,American,https://en.wikipedia.org/wiki/Frank_DelRoy
derrington,Derrington,British,https://en.wikipedia.org/wiki/Derrington-Francis
dunn,Dunn,American,https://en.wikipedia.org/wiki/Dunn_Engineering
eagle,Eagle,American,https://en.wikipedia.org/wiki/All_American_Racers
eagle-climax,Eagle-Climax,American,https://en.wikipedia.org/wiki/All_American_Racers
eagle-weslake,Eagle-Weslake,American,https://en.wikipedia.org/wiki/All_American_Racers
elder,Elder,American,https://en.wikipedia.org/wiki/Edgar_Elder
emeryson,Emeryson,British,https://en.wikipedia.org/wiki/Emeryson
emw,EMW,East German,https://en.wikipedia.org/wiki/Eisenacher_Motorenwerk
enb,ENB,Belgian,https://en.wikipedia.org/wiki/Écurie_Nationale_Belge
ensign,Ensign,British,https://en.wikipedia.org/wiki/Ensign_Racing
epperly,Epperly,American,https://en.wikipedia.org/wiki/Epperly
era,ERA,British,https://en.wikipedia.org/wiki/English_Racing_Automobiles
eurobrun,Euro Brun,Italian,https://en.wikipedia.org/wiki/EuroBrun
ewing,Ewing,American,https://en.wikipedia.org/wiki/Wayne_Ewing
ferguson,Ferguson,British,https://en.wikipedia.org/wiki/Ferguson_Research
ferrari,Ferrari,Italian,https://en.wikipedia.org/wiki/Scuderia_Ferrari
fittipaldi,Fittipaldi,Brazilian,https://en.wikipedia.org/wiki/Fittipaldi_Automotive
fondmetal,Fondmetal,Italian,https://en.wikipedia.org/wiki/Fondmetal
footwork,Footwork,British,https://en.wikipedia.org/wiki/Footwork_Arrows
force_india,Force India,Indian,https://en.wikipedia.org/wiki/Racing_Point_Force_India
forti,Forti,Italian,https://en.wikipedia.org/wiki/Forti
frazer_nash,Frazer Nash,British,https://en.wikipedia.org/wiki/Frazer_Nash
fry,Fry,British,https://en.wikipedia.org/wiki/Fry_(racing_team)
gilby,Gilby,British,https://en.wikipedia.org/wiki/Gilby
gordini,Gordini,French,https://en.wikipedia.org/wiki/Gordini
haas,Haas F1 Team,American,https://en.wikipedia.org/wiki/Haas_F1_Team
hall,Hall,American,https://en.wikipedia.org/wiki/Hall_(constructor)
hesketh,Hesketh,British,https://en.wikipedia.org/wiki/Hesketh_Racing
hill,Embassy Hill,British,https://en.wikipedia.org/wiki/Embassy_Hill
honda,Honda,Japanese,https://en.wikipedia.org/wiki/Honda_in_Formula_One
hrt,HRT,Spanish,https://en.wikipedia.org/wiki/HRT_Formula_1_Team
hwm,HWM,British,https://en.wikipedia.org/wiki/Hersham_and_Walton_Motors
iso_marlboro,Iso Marlboro,British,https://en.wikipedia.org/wiki/Frank_Williams_Racing_Cars
jaguar,Jaguar,British,https://en.wikipedia.org/wiki/Jaguar_Racing
jbw,JBW,British,https://en.wikipedia.org/wiki/JBW
jordan,Jordan,Irish,https://en.wikipedia.org/wiki/Jordan_Grand_Prix
kauhsen,Kauhsen,German,https://en.wikipedia.org/wiki/Kauhsen
klenk,Klenk,German,https://en.wikipedia.org/wiki/Klenk
kojima,Kojima,Japanese,https://en.wikipedia.org/wiki/Kojima_Engineering
kurtis_kraft,Kurtis Kraft,American,https://en.wikipedia.org/wiki/Kurtis_Kraft
kuzma,Kuzma,American,https://en.wikipedia.org/wiki/Eddie_Kuzma
lago,Talbot-Lago,French,https://en.wikipedia.org/wiki/Talbot-Lago
lambo,Lambo,Italian,https://en.wikipedia.org/wiki/Modena_(racing_team)
