_source,_fetched_at,_endpoint,code,dateOfBirth,driverId,familyName,givenName,nationality,permanentNumber,url
ergast_api,2026-09-22T23:20:26.470220,https://api.jolpi.ca/ergast/f1/drivers,,1932-07-10,abate,Abate,Carlo,Italian,,http://en.wikipedia.org/wiki/Carlo_Mario_Abate
ergast_api,2026-09-22T23:20:26.470237,https://api.jolpi.ca/ergast/f1/drivers,,1913-03-21,abecassis,Abecassis,George,British,,http://en.wikipedia.org/wiki/George_Abecassis
ergast_api,2026-09-22T23:20:26.470241,https://api.jolpi.ca/ergast/f1/drivers,,1957-11-27,acheson,Acheson,Kenny,British,,http://en.wikipedia.org/wiki/Kenny_Acheson
ergast_api,2026-09-22T23:20:26.470243,https://api.jolpi.ca/ergast/f1/drivers,,1969-11-19,adams,Adams,Philippe,Belgian,,http://en.wikipedia.org/wiki/Philippe_Adams
ergast_api,2026-09-22T23:20:26.470246,https://api.jolpi.ca/ergast/f1/drivers,,1913-12-15,ader,Ader,Walt,American,,http://en.wikipedia.org/wiki/Walt_Ader
ergast_api,2026-09-22T23:20:26.470248,https://api.jolpi.ca/ergast/f1/drivers,,1921-11-05,adolff,Adolff,Kurt,German,,http://en.wikipedia.org/wiki/Kurt_Adolff
ergast_api,2026-09-22T23:20:26.470250,https://api.jolpi.ca/ergast/f1/drivers,,1913-08-21,agabashian,Agabashian,Fred,American,,http://en.wikipedia.org/wiki/Fred_Agabashian
ergast_api,2026-09-22T23:20:26.470252,https://api.jolpi.ca/ergast/f1/drivers,,1940-04-19,ahrens,Ahrens,Kurt,German,,"http://en.wikipedia.org/wiki/Kurt_Ahrens,_Jr."
ergast_api,2026-09-22T23:20:26.470254,https://api.jolpi.ca/ergast/f1/drivers,AIT,1995-09-23,aitken,Aitken,Jack,British,89,http://en.wikipedia.org/wiki/Jack_Aitken
ergast_api,2026-09-22T23:20:26.470257,https://api.jolpi.ca/ergast/f1/drivers,ALB,1979-04-16,albers,Albers,Christijan,Dutch,,http://en.wikipedia.org/wiki/Christijan_Albers
ergast_api,2026-09-22T23:20:26.470260,https://api.jolpi.ca/ergast/f1/drivers,ALB,1996-03-23,albon,Albon,Alexander,Thai,23,http://en.wikipedia.org/wiki/Alexander_Albon
ergast_api,2026-09-22T23:20:26.470262,https://api.jolpi.ca/ergast/f1/drivers,,1956-12-23,alboreto,Alboreto,Michele,Italian,,http://en.wikipedia.org/wiki/Michele_Alboreto
ergast_api,2026-09-22T23:20:26.470264,https://api.jolpi.ca/ergast/f1/drivers,,1964-06-11,alesi,Alesi,Jean,French,,http://en.wikipedia.org/wiki/Jean_Alesi
ergast_api,2026-09-22T23:20:26.470266,https://api.jolpi.ca/ergast/f1/drivers,ALG,1990-03-23,alguersuari,Alguersuari,Jaime,Spanish,,http://en.wikipedia.org/wiki/Jaime_Alguersuari
ergast_api,2026-09-22T23:20:26.470277,https://api.jolpi.ca/ergast/f1/drivers,,1954-07-27,alliot,Alliot,Philippe,French,,http://en.wikipedia.org/wiki/Philippe_Alliot
ergast_api,2026-09-22T23:20:26.470281,https://api.jolpi.ca/ergast/f1/drivers,,1932-02-08,allison,Allison,Cliff,British,,http://en.wikipedia.org/wiki/Cliff_Allison
ergast_api,2026-09-22T23:20:26.470285,https://api.jolpi.ca/ergast/f1/drivers,ALO,1981-07-29,alonso,Alonso,Fernando,Spanish,14,http://en.wikipedia.org/wiki/Fernando_Alonso
ergast_api,2026-09-22T23:20:26.470289,https://api.jolpi.ca/ergast/f1/drivers,,1959-07-20,amati,Amati,Giovanna,Italian,,http://en.wikipedia.org/wiki/Giovanna_Amati
ergast_api,2026-09-22T23:20:26.470292,https://api.jolpi.ca/ergast/f1/drivers,,1924-10-24,george_amick,Amick,George,American,,http://en.wikipedia.org/wiki/George_Amick
ergast_api,2026-09-22T23:20:26.470298,https://api.jolpi.ca/ergast/f1/drivers,,1929-01-19,amick,Amick,Red,American,,http://en.wikipedia.org/wiki/Red_Amick
ergast_api,2026-09-22T23:20:26.470304,https://api.jolpi.ca/ergast/f1/drivers,,1943-07-20,amon,Amon,Chris,New Zealander,,http://en.wikipedia.org/wiki/Chris_Amon
ergast_api,2026-09-22T23:20:26.470307,https://api.jolpi.ca/ergast/f1/drivers,,1931-05-19,anderson,Anderson,Bob,British,,http://en.wikipedia.org/wiki/Bob_Anderson_(racing_driver)
ergast_api,2026-09-22T23:20:26.470310,https://api.jolpi.ca/ergast/f1/drivers,,1939-12-28,andersson,Andersson,Conny,Swedish,,http://en.wikipedia.org/wiki/Conny_Andersson_(racing_driver)
ergast_api,2026-09-22T23:20:26.470313,https://api.jolpi.ca/ergast/f1/drivers,,1940-02-28,mario_andretti,Andretti,Mario,American,,http://en.wikipedia.org/wiki/Mario_Andretti
ergast_api,2026-09-22T23:20:26.470316,https://api.jolpi.ca/ergast/f1/drivers,,1962-10-05,andretti,Andretti,Michael,American,,http://en.wikipedia.org/wiki/Michael_Andretti
ergast_api,2026-09-22T23:20:26.470319,https://api.jolpi.ca/ergast/f1/drivers,,1920-06-15,andrews,Andrews,Keith,American,,http://en.wikipedia.org/wiki/Keith_Andrews_(driver)
ergast_api,2026-09-22T23:20:26.470322,https://api.jolpi.ca/ergast/f1/drivers,ANT,2006-08-25,antonelli,Antonelli,Andrea Kimi,Italian,12,https://en.wikipedia.org/wiki/Andrea_Kimi_Antonelli
ergast_api,2026-09-22T23:20:26.470326,https://api.jolpi.ca/ergast/f1/drivers,,1965-10-07,apicella,Apicella,Marco,Italian,,http://en.wikipedia.org/wiki/Marco_Apicella
ergast_api,2026-09-22T23:20:26.470329,https://api.jolpi.ca/ergast/f1/drivers,,1918-10-12,armi,Armi,Frank,American,,http://en.wikipedia.org/wiki/Frank_Armi
ergast_api,2026-09-22T23:20:26.470332,https://api.jolpi.ca/ergast/f1/drivers,,1926-05-30,arnold,Arnold,Chuck,American,,http://en.wikipedia.org/wiki/Chuck_Arnold
ergast_api,2026-09-22T23:20:26.470335,https://api.jolpi.ca/ergast/f1/drivers,,1948-07-04,arnoux,Arnoux,René,French,,http://en.wikipedia.org/wiki/Ren%C3%A9_Arnoux
ergast_api,2026-09-22T23:20:26.470338,https://api.jolpi.ca/ergast/f1/drivers,,,paul_aron,Aron,Paul,,,
ergast_api,2026-09-22T23:20:26.470341,https://api.jolpi.ca/ergast/f1/drivers,,1933-11-08,arundell,Arundell,Peter,British,,http://en.wikipedia.org/wiki/Peter_Arundell
ergast_api,2026-09-22T23:20:26.470344,https://api.jolpi.ca/ergast/f1/drivers,,1918-07-13,ascari,Ascari,Alberto,Italian,,http://en.wikipedia.org/wiki/Alberto_Ascari
ergast_api,2026-09-22T23:20:26.470347,https://api.jolpi.ca/ergast/f1/drivers,,1934-10-16,ashdown,Ashdown,Peter,British,,http://en.wikipedia.org/wiki/Peter_Ashdown
ergast_api,2026-09-22T23:20:26.470350,https://api.jolpi.ca/ergast/f1/drivers,,1947-10-26,ashley,Ashley,Ian,British,,http://en.wikipedia.org/wiki/Ian_Ashley
ergast_api,2026-09-22T23:20:26.470353,https://api.jolpi.ca/ergast/f1/drivers,,1936-07-25,ashmore,Ashmore,Gerry,British,,http://en.wikipedia.org/wiki/Gerry_Ashmore
ergast_api,2026-09-22T23:20:26.470357,https://api.jolpi.ca/ergast/f1/drivers,,1900-03-29,aston,Aston,Bill,British,,http://en.wikipedia.org/wiki/Bill_Aston
ergast_api,2026-09-22T23:20:26.470360,https://api.jolpi.ca/ergast/f1/drivers,,1940-04-04,attwood,Attwood,Richard,British,,http://en.wikipedia.org/wiki/Richard_Attwood
ergast_api,2026-09-22T23:20:26.470363,https://api.jolpi.ca/ergast/f1/drivers,,1921-10-20,ayulo,Ayulo,Manny,American,,http://en.wikipedia.org/wiki/Manny_Ayulo
ergast_api,2026-09-22T23:20:26.470368,https://api.jolpi.ca/ergast/f1/drivers,BAD,1971-01-25,badoer,Badoer,Luca,Italian,,http://en.wikipedia.org/wiki/Luca_Badoer
ergast_api,2026-09-22T23:20:26.470372,https://api.jolpi.ca/ergast/f1/drivers,,1934-12-25,baghetti,Baghetti,Giancarlo,Italian,,http://en.wikipedia.org/wiki/Giancarlo_Baghetti
ergast_api,2026-09-22T23:20:26.470375,https://api.jolpi.ca/ergast/f1/drivers,,1961-10-09,bailey,Bailey,Julian,British,,http://en.wikipedia.org/wiki/Julian_Bailey
ergast_api,2026-09-22T23:20:26.470379,https://api.jolpi.ca/ergast/f1/drivers,,1954-01-31,baldi,Baldi,Mauro,Italian,,http://en.wikipedia.org/wiki/Mauro_Baldi
ergast_api,2026-09-22T23:20:26.470382,https://api.jolpi.ca/ergast/f1/drivers,,1925-08-26,ball,Ball,Bobby,American,,http://en.wikipedia.org/wiki/Bobby_Ball_(auto_racer)
ergast_api,2026-09-22T23:20:26.470385,https://api.jolpi.ca/ergast/f1/drivers,,1909-01-01,balsa,Balsa,Marcel,French,,http://en.wikipedia.org/wiki/Marcel_Balsa
ergast_api,2026-09-22T23:20:26.470389,https://api.jolpi.ca/ergast/f1/drivers,,1935-12-21,bandini,Bandini,Lorenzo,Italian,,http://en.wikipedia.org/wiki/Lorenzo_Bandini
ergast_api,2026-09-22T23:20:26.470392,https://api.jolpi.ca/ergast/f1/drivers,,1913-06-14,banks,Banks,Henry,American,,http://en.wikipedia.org/wiki/Henry_Banks
ergast_api,2026-09-22T23:20:26.470395,https://api.jolpi.ca/ergast/f1/drivers,,1963-04-02,barbazza,Barbazza,Fabrizio,Italian,,http://en.wikipedia.org/wiki/Fabrizio_Barbazza
ergast_api,2026-09-22T23:20:26.470399,https://api.jolpi.ca/ergast/f1/drivers,,1929-07-22,john_barber,Barber,John,British,,http://en.wikipedia.org/wiki/John_Barber_(racing_driver)
ergast_api,2026-09-22T23:20:26.470402,https://api.jolpi.ca/ergast/f1/drivers,,1936-11-16,barber,Barber,Skip,American,,http://en.wikipedia.org/wiki/Skip_Barber
ergast_api,2026-09-22T23:20:26.470406,https://api.jolpi.ca/ergast/f1/drivers,,1961-04-20,barilla,Barilla,Paolo,Italian,,http://en.wikipedia.org/wiki/Paolo_Barilla
ergast_api,2026-09-22T23:20:26.470409,https://api.jolpi.ca/ergast/f1/drivers,BAR,1972-05-23,barrichello,Barrichello,Rubens,Brazilian,,http://en.wikipedia.org/wiki/Rubens_Barrichello
ergast_api,2026-09-22T23:20:26.470413,https://api.jolpi.ca/ergast/f1/drivers,,1968-03-08,bartels,Bartels,Michael,German,,http://en.wikipedia.org/wiki/Michael_Bartels
ergast_api,2026-09-22T23:20:26.470416,https://api.jolpi.ca/ergast/f1/drivers,,1917-01-26,barth,Barth,Edgar,German,,http://en.wikipedia.org/wiki/Edgar_Barth
ergast_api,2026-09-22T23:20:26.470419,https://api.jolpi.ca/ergast/f1/drivers,,1934-01-20,bassi,Bassi,Giorgio,Italian,,http://en.wikipedia.org/wiki/Giorgio_Bassi
ergast_api,2026-09-22T23:20:26.470422,https://api.jolpi.ca/ergast/f1/drivers,,1912-07-17,bauer,Bauer,Erwin,German,,http://en.wikipedia.org/wiki/Erwin_Bauer
ergast_api,2026-09-22T23:20:26.470425,https://api.jolpi.ca/ergast/f1/drivers,,1981-01-01,baumgartner,Baumgartner,Zsolt,Hungarian,,http://en.wikipedia.org/wiki/Zsolt_Baumgartner
ergast_api,2026-09-22T23:20:26.470429,https://api.jolpi.ca/ergast/f1/drivers,,1914-02-28,bayol,Bayol,Élie,French,,http://en.wikipedia.org/wiki/%C3%89lie_Bayol
ergast_api,2026-09-22T23:20:26.470432,https://api.jolpi.ca/ergast/f1/drivers,BEA,2005-05-08,bearman,Bearman,Oliver,British,87,http://en.wikipedia.org/wiki/Oliver_Bearman
ergast_api,2026-09-22T23:20:26.470438,https://api.jolpi.ca/ergast/f1/drivers,,1928-07-26,beauman,Beauman,Don,British,,http://en.wikipedia.org/wiki/Don_Beauman
ergast_api,2026-09-22T23:20:26.470441,https://api.jolpi.ca/ergast/f1/drivers,,1921-12-21,bechem,Bechem,Günther,German,,http://en.wikipedia.org/wiki/G%C3%BCnther_Bechem
ergast_api,2026-09-22T23:20:26.470445,https://api.jolpi.ca/ergast/f1/drivers,,,dino_beganovic,Beganovic,Dino,,,
ergast_api,2026-09-22T23:20:26.470448,https://api.jolpi.ca/ergast/f1/drivers,,1921-02-16,behra,Behra,Jean,French,,http://en.wikipedia.org/wiki/Jean_Behra
ergast_api,2026-09-22T23:20:26.470451,https://api.jolpi.ca/ergast/f1/drivers,,1941-10-31,bell,Bell,Derek,British,,http://en.wikipedia.org/wiki/Derek_Bell_(auto_racer)
ergast_api,2026-09-22T23:20:26.470454,https://api.jolpi.ca/ergast/f1/drivers,,1957-11-20,bellof,Bellof,Stefan,German,,http://en.wikipedia.org/wiki/Stefan_Bellof
ergast_api,2026-09-22T23:20:26.470460,https://api.jolpi.ca/ergast/f1/drivers,,1963-04-23,belmondo,Belmondo,Paul,French,,http://en.wikipedia.org/wiki/Paul_Belmondo
ergast_api,2026-09-22T23:20:26.470464,https://api.jolpi.ca/ergast/f1/drivers,,1942-08-27,belso,Belsø,Tom,Danish,,http://en.wikipedia.org/wiki/Tom_Bels%C3%B8
ergast_api,2026-09-22T23:20:26.470467,https://api.jolpi.ca/ergast/f1/drivers,,1937-04-26,beltoise,Beltoise,Jean-Pierre,French,,http://en.wikipedia.org/wiki/Jean-Pierre_Beltoise
ergast_api,2026-09-22T23:20:26.470470,https://api.jolpi.ca/ergast/f1/drivers,,1969-11-23,beretta,Beretta,Olivier,Monegasque,,http://en.wikipedia.org/wiki/Olivier_Beretta
ergast_api,2026-09-22T23:20:26.470473,https://api.jolpi.ca/ergast/f1/drivers,,1961-08-01,berg,Berg,Allen,Canadian,,http://en.wikipedia.org/wiki/Allen_Berg
ergast_api,2026-09-22T23:20:26.470476,https://api.jolpi.ca/ergast/f1/drivers,,1918-09-14,georges_berger,Berger,Georges,Belgian,,http://en.wikipedia.org/wiki/Georges_Berger
ergast_api,2026-09-22T23:20:26.470479,https://api.jolpi.ca/ergast/f1/drivers,,1959-08-27,berger,Berger,Gerhard,Austrian,,http://en.wikipedia.org/wiki/Gerhard_Berger
ergast_api,2026-09-22T23:20:26.470483,https://api.jolpi.ca/ergast/f1/drivers,,1964-08-24,bernard,Bernard,Éric,French,,http://en.wikipedia.org/wiki/%C3%89ric_Bernard
ergast_api,2026-09-22T23:20:26.470486,https://api.jolpi.ca/ergast/f1/drivers,,1978-10-19,bernoldi,Bernoldi,Enrique,Brazilian,,http://en.wikipedia.org/wiki/Enrique_Bernoldi
ergast_api,2026-09-22T23:20:26.470489,https://api.jolpi.ca/ergast/f1/drivers,,1964-09-19,bertaggia,Bertaggia,Enrico,Italian,,http://en.wikipedia.org/wiki/Enrico_Bertaggia
ergast_api,2026-09-22T23:20:26.470493,https://api.jolpi.ca/ergast/f1/drivers,,1916-09-12,bettenhausen,Bettenhausen,Tony,American,,http://en.wikipedia.org/wiki/Tony_Bettenhausen
ergast_api,2026-09-22T23:20:26.470496,https://api.jolpi.ca/ergast/f1/drivers,,1940-04-13,beuttler,Beuttler,Mike,British,,http://en.wikipedia.org/wiki/Mike_Beuttler
ergast_api,2026-09-22T23:20:26.470500,https://api.jolpi.ca/ergast/f1/drivers,,1934-11-10,bianchi,Bianchi,Lucien,Belgian,,http://en.wikipedia.org/wiki/Lucien_Bianchi
ergast_api,2026-09-22T23:20:26.470503,https://api.jolpi.ca/ergast/f1/drivers,BIA,1989-08-03,jules_bianchi,Bianchi,Jules,French,17,http://en.wikipedia.org/wiki/Jules_Bianchi
ergast_api,2026-09-22T23:20:26.470509,https://api.jolpi.ca/ergast/f1/drivers,,1916-07-22,bianco,Bianco,Gino,Brazilian,,http://en.wikipedia.org/wiki/Gino_Bianco
ergast_api,2026-09-22T23:20:26.470513,https://api.jolpi.ca/ergast/f1/drivers,,1948-06-12,binder,Binder,Hans,Austrian,,http://en.wikipedia.org/wiki/Hans_Binder
ergast_api,2026-09-22T23:20:26.470518,https://api.jolpi.ca/ergast/f1/drivers,,1898-08-18,biondetti,Biondetti,Clemente,Italian,,http://en.wikipedia.org/wiki/Clemente_Biondetti
ergast_api,2026-09-22T23:20:26.470521,https://api.jolpi.ca/ergast/f1/drivers,,1914-07-15,bira,Bira,Prince,Thai,,http://en.wikipedia.org/wiki/Prince_Bira
ergast_api,2026-09-22T23:20:26.470525,https://api.jolpi.ca/ergast/f1/drivers,,1924-01-07,birger,Birger,Pablo,Argentine,,http://en.wikipedia.org/wiki/Pablo_Birger
ergast_api,2026-09-22T23:20:26.470528,https://api.jolpi.ca/ergast/f1/drivers,,1926-11-10,bisch,Bisch,Art,American,,http://en.wikipedia.org/wiki/Art_Bisch
ergast_api,2026-09-22T23:20:26.470531,https://api.jolpi.ca/ergast/f1/drivers,,1929-06-13,blanchard,Blanchard,Harry,American,,http://en.wikipedia.org/wiki/Harry_Blanchard
ergast_api,2026-09-22T23:20:26.470535,https://api.jolpi.ca/ergast/f1/drivers,,1949-10-02,bleekemolen,Bleekemolen,Michael,Dutch,,http://en.wikipedia.org/wiki/Michael_Bleekemolen
ergast_api,2026-09-22T23:20:26.470538,https://api.jolpi.ca/ergast/f1/drivers,,1932-11-30,blignaut,Blignaut,Alex,South African,,http://en.wikipedia.org/wiki/Alex_Blignaut
ergast_api,2026-09-22T23:20:26.470541,https://api.jolpi.ca/ergast/f1/drivers,,1935-11-30,blokdyk,Blokdyk,Trevor,South African,,http://en.wikipedia.org/wiki/Trevor_Blokdyk
ergast_api,2026-09-22T23:20:26.470545,https://api.jolpi.ca/ergast/f1/drivers,,1966-04-08,blundell,Blundell,Mark,British,,http://en.wikipedia.org/wiki/Mark_Blundell
ergast_api,2026-09-22T23:20:26.470548,https://api.jolpi.ca/ergast/f1/drivers,,1957-12-04,boesel,Boesel,Raul,Brazilian,,http://en.wikipedia.org/wiki/Raul_Boesel
ergast_api,2026-09-22T23:20:26.470551,https://api.jolpi.ca/ergast/f1/drivers,,1930-01-04,boffa,Boffa,Menato,Italian,,http://en.wikipedia.org/wiki/Menato_Boffa
ergast_api,2026-09-22T23:20:26.470555,https://api.jolpi.ca/ergast/f1/drivers,,1933-04-27,bondurant,Bondurant,Bob,American,,http://en.wikipedia.org/wiki/Bob_Bondurant
ergast_api,2026-09-22T23:20:26.470558,https://api.jolpi.ca/ergast/f1/drivers,,1903-06-09,bonetto,Bonetto,Felice,Italian,,http://en.wikipedia.org/wiki/Felice_Bonetto
ergast_api,2026-09-22T23:20:26.470561,https://api.jolpi.ca/ergast/f1/drivers,,1930-01-31,bonnier,Bonnier,Jo,Swedish,,http://en.wikipedia.org/wiki/Joakim_Bonnier
ergast_api,2026-09-22T23:20:26.470564,https://api.jolpi.ca/ergast/f1/drivers,,1919-09-30,bonomi,Bonomi,Roberto,Argentine,,http://en.wikipedia.org/wiki/Roberto_Bonomi
ergast_api,2026-09-22T23:20:26.470568,https://api.jolpi.ca/ergast/f1/drivers,,1934-01-28,bordeu,Bordeu,Juan Manuel,Argentine,,http://en.wikipedia.org/wiki/Juan_Manuel_Bordeu
ergast_api,2026-09-22T23:20:26.470571,https://api.jolpi.ca/ergast/f1/drivers,,1946-11-25,borgudd,Borgudd,Slim,Swedish,,http://en.wikipedia.org/wiki/Slim_Borgudd
ergast_api,2026-09-22T23:20:26.470574,https://api.jolpi.ca/ergast/f1/drivers,BOR,2004-10-14,bortoleto,Bortoleto,Gabriel,Brazilian,5,https://en.wikipedia.org/wiki/Gabriel_Bortoleto
